1,183,289,384,445
1,116,206,383,494
1,149,233,354,427
1,158,213,359,441
1,110,267,302,495
1,104,286,366,500
1,131,260,371,401
1,184,239,305,460
1,127,202,394,480
1,147,238,366,447
2,147,244,320,487
2,102,207,351,413
2,181,233,378,471
2,147,212,304,416
2,110,256,386,438
2,164,202,375,430
2,158,287,380,474
2,133,259,302,430
2,106,280,316,468
2,167,263,340,484
3,101,242,344,486
3,146,231,329,492
3,152,285,307,455
3,194,285,360,402
3,146,278,356,452
3,138,293,334,437
3,188,258,346,446
3,134,253,342,488
3,133,281,310,471
3,115,256,374,401
4,162,215,373,426
4,114,217,379,443
4,118,260,351,496
4,110,294,320,454
4,193,242,364,464
4,196,220,302,492
4,187,215,364,407
4,119,259,398,477
4,155,267,341,496
4,164,254,317,478
5,189,210,370,464
5,196,297,349,454
5,190,254,344,482
5,168,246,372,449
5,139,244,354,490
5,192,218,390,417
5,182,223,336,469
5,101,250,395,491
5,155,285,390,444
5,102,282,368,410
6,137,203,320,442
6,106,271,371,464
6,122,225,309,423
6,104,224,318,433
6,137,229,344,459
6,198,223,356,407
6,166,227,331,419
6,180,218,385,459
6,139,261,393,425
6,188,282,390,493
7,113,238,361,455
7,133,276,365,497
7,188,211,364,437
7,190,239,307,492
7,122,293,355,498
7,192,283,372,436
7,117,281,387,422
7,113,218,360,428
7,172,284,326,479
7,141,207,382,445
8,200,249,367,496
8,122,261,334,476
8,187,295,383,403
8,180,201,309,470
8,164,254,343,412
8,109,237,314,406
8,182,217,320,434
8,193,244,310,500
8,129,214,373,481
8,114,222,339,454
9,191,298,334,413
9,187,275,371,484
9,188,228,377,487
9,105,281,356,409
9,128,254,317,471
9,177,219,363,473
9,187,300,307,456
9,149,228,305,466
9,136,244,336,447
9,133,300,370,418
10,139,294,327,457
10,130,224,346,412
10,102,223,345,443
10,123,227,304,472
10,129,273,337,405
10,130,238,321,424
10,131,276,314,463
10,114,245,363,428
10,155,291,306,466
10,180,216,352,422
11,148,233,396,498
11,127,266,310,493
11,173,265,399,455
11,200,234,359,485
11,194,252,351,451
11,159,290,356,486
11,129,243,332,440
11,188,203,319,471
11,116,281,310,482
11,187,266,368,427
12,127,293,366,457
12,154,285,400,466
12,179,238,357,417
12,181,273,301,487
12,132,222,382,466
12,191,202,360,435
12,107,223,307,424
12,134,269,314,484
12,165,259,321,442
12,172,236,305,489
13,147,259,386,490
13,123,292,369,487
13,121,284,318,410
13,172,260,379,470
13,183,204,336,408
13,131,288,390,448
13,161,210,399,423
13,103,246,385,401
13,111,226,350,484
13,178,271,331,435
14,199,285,337,479
14,125,240,347,482
14,124,286,356,424
14,144,244,338,498
14,199,299,356,472
14,169,279,385,457
14,130,209,319,498
14,157,229,330,451
14,174,280,340,460
14,139,280,360,490
15,156,205,308,434
15,111,273,357,441
15,138,209,304,481
15,139,277,391,404
15,153,247,346,448
15,142,254,384,424
15,176,267,380,495
15,192,291,366,471
15,133,300,318,452
15,194,255,358,449
16,108,289,346,433
16,134,282,399,433
16,126,203,358,462
16,196,239,373,489
16,142,230,381,439
16,167,272,342,431
16,141,215,392,499
16,131,296,307,405
16,105,280,369,462
16,149,201,378,443
17,150,210,331,437
17,171,268,397,412
17,127,277,365,492
17,184,298,395,425
17,115,261,319,447
17,136,262,333,461
17,104,217,389,486
17,102,218,333,419
17,123,270,364,459
17,166,296,301,458
18,169,294,381,497
18,144,237,328,477
18,200,228,331,446
18,167,214,369,482
18,142,225,398,448
18,152,259,387,415
18,146,258,355,498
18,172,224,339,436
18,159,266,332,473
18,128,265,351,423
19,187,282,315,456
19,144,284,345,402
19,149,274,396,409
19,146,298,331,430
19,104,228,358,450
19,114,245,343,497
19,129,238,395,439
19,161,247,384,484
19,193,262,338,467
19,190,252,333,435
20,152,207,329,462
20,138,249,371,467
20,174,270,348,449
20,117,279,326,408
20,186,208,338,485
20,170,291,398,432
20,164,285,399,466
20,112,298,330,426
20,152,238,302,403
20,160,294,353,416
21,162,234,370,426
21,182,291,306,418
21,197,283,360,423
21,185,299,358,428
21,125,215,308,464
21,163,274,367,422
21,131,281,378,421
21,101,207,386,413
21,105,279,361,410
21,185,299,350,433
22,108,264,303,454
22,180,206,340,500
22,189,290,314,488
22,191,221,366,417
22,106,235,312,453
22,197,259,303,431
22,160,249,324,427
22,197,224,329,440
22,175,207,301,463
22,161,236,301,471
23,119,231,321,417
23,129,293,377,465
23,174,222,376,456
23,127,264,375,443
23,128,254,362,446
23,117,274,311,497
23,177,296,394,453
23,110,216,351,495
23,171,263,328,403
23,103,243,333,403
24,147,210,374,416
24,153,272,304,483
24,145,257,375,443
24,193,254,388,479
24,111,234,373,480
24,123,238,372,421
24,146,242,305,440
24,163,221,338,457
24,169,274,398,495
24,190,298,342,448
25,127,255,332,494
25,183,251,393,473
25,196,284,303,496
25,145,253,352,485
25,112,237,363,420
25,161,274,374,481
25,176,227,378,495
25,137,288,314,420
25,115,244,377,472
25,140,290,355,473
26,132,233,311,455
26,185,227,361,432
26,109,214,400,411
26,159,209,319,437
26,155,284,304,439
26,195,217,373,449
26,173,202,350,413
26,140,218,367,466
26,114,204,323,409
26,111,251,302,412
27,119,289,327,469
27,169,235,315,495
27,153,211,376,462
27,120,224,373,438
27,117,240,322,485
27,157,204,304,464
27,111,287,353,432
27,190,244,381,483
27,153,300,351,479
27,120,205,354,431
28,149,279,314,405
28,172,237,301,427
28,161,273,367,422
28,151,253,353,481
28,104,219,341,441
28,125,213,323,492
28,145,232,367,409
28,197,274,326,442
28,118,233,320,488
28,114,243,303,457
29,188,285,360,491
29,132,269,333,459
29,132,216,366,408
29,137,271,381,451
29,112,217,313,467
29,121,236,341,450
29,192,242,361,452
29,170,278,355,491
29,150,249,323,494
29,165,264,328,443
30,168,258,369,407
30,179,228,316,470
30,108,254,329,498
30,188,298,313,489
30,182,222,394,423
30,181,265,330,440
30,144,249,391,423
30,163,209,313,457
30,158,228,368,434
30,161,242,344,437
31,156,229,326,425
31,107,288,371,429
31,154,243,372,447
31,174,292,386,406
31,113,286,357,419
31,180,217,388,484
31,125,298,399,410
31,197,221,316,499
31,131,235,393,410
31,126,245,386,418
32,200,279,365,484
32,116,240,367,460
32,102,230,352,437
32,194,273,328,497
32,103,253,385,404
32,118,280,395,472
32,150,269,303,476
32,163,241,382,480
32,185,268,346,468
32,193,293,369,442
33,199,283,305,436
33,130,294,398,464
33,183,212,372,403
33,123,239,381,427
33,163,266,376,455
33,121,204,315,458
33,102,263,386,476
33,125,257,343,497
33,154,276,353,444
33,122,214,329,409
34,133,212,325,450
34,198,281,341,453
34,116,255,364,496
34,116,263,326,477
34,139,248,311,486
34,124,287,313,462
34,198,294,329,430
34,185,245,302,438
34,195,217,380,422
34,167,225,323,444
35,150,202,375,478
35,157,262,325,472
35,151,258,326,495
35,172,248,325,411
35,160,261,350,461
35,162,299,378,436
35,132,282,307,432
35,133,246,372,488
35,120,275,400,406
35,154,277,338,483
36,179,275,349,451
36,107,242,398,474
36,143,232,362,447
36,141,250,313,430
36,186,273,368,454
36,165,297,363,424
36,153,263,330,447
36,175,231,388,431
36,108,229,396,413
36,135,269,321,429
37,117,276,364,451
37,170,221,323,473
37,189,243,327,460
37,189,254,337,409
37,141,204,399,464
37,134,296,324,437
37,168,202,315,456
37,165,203,376,426
37,123,205,363,422
37,152,234,392,458
38,146,208,349,441
38,143,289,340,453
38,109,210,309,409
38,169,224,324,458
38,185,274,301,450
38,188,279,353,466
38,198,273,381,482
38,141,242,361,430
38,183,224,318,412
38,147,211,312,429
39,182,268,383,485
39,120,238,376,440
39,165,235,350,499
39,156,206,306,441
39,156,231,363,428
39,165,291,349,486
39,124,252,355,458
39,161,251,305,448
39,120,238,394,418
39,189,257,337,413
40,157,236,308,474
40,150,252,341,474
40,101,279,389,500
40,114,272,324,460
40,159,255,400,493
40,175,210,376,470
40,179,217,383,415
40,149,236,393,491
40,118,281,360,426
40,148,239,312,416
41,178,277,327,443
41,154,270,316,494
41,149,256,308,433
41,117,209,365,419
41,142,290,358,403
41,111,209,343,465
41,190,265,352,490
41,197,277,337,426
41,145,279,322,415
41,181,203,390,475
42,182,267,337,500
42,110,297,335,490
42,151,216,338,445
42,102,202,396,500
42,119,204,310,499
42,135,300,320,408
42,141,265,310,478
42,192,250,342,410
42,136,226,350,479
42,132,294,352,438
43,120,298,374,401
43,114,207,386,492
43,124,230,303,433
43,119,216,385,426
43,196,211,357,433
43,143,255,391,407
43,195,201,393,411
43,162,280,321,486
43,143,273,331,463
43,136,225,389,496
44,164,210,317,477
44,168,275,321,500
44,160,241,352,438
44,183,283,328,406
44,160,261,397,420
44,134,223,363,458
44,189,253,378,419
44,124,242,339,437
44,143,289,364,482
44,110,283,347,458
45,189,220,357,424
45,109,203,370,491
45,134,220,370,447
45,194,256,335,446
45,132,299,398,412
45,148,291,391,462
45,136,271,387,485
45,139,288,344,421
45,195,299,328,416
45,126,261,397,487
46,177,260,333,439
46,169,228,375,411
46,134,245,389,408
46,131,227,334,402
46,194,243,375,448
46,128,295,379,446
46,151,276,355,439
46,175,288,384,443
46,145,231,322,411
46,178,204,353,435
47,195,278,345,446
47,112,250,386,474
47,173,300,359,478
47,106,227,313,454
47,126,222,396,429
47,183,249,379,471
47,112,249,353,448
47,134,223,390,476
47,105,240,372,474
47,170,295,354,414
48,174,208,381,415
48,120,230,315,474
48,138,203,347,456
48,184,223,318,412
48,182,285,306,463
48,118,288,312,404
48,142,208,351,469
48,171,207,319,473
48,173,252,318,500
48,167,246,301,439
49,121,241,332,426
49,147,297,384,429
49,186,250,366,421
49,165,248,390,445
49,133,236,345,450
49,198,225,327,405
49,198,287,377,420
49,191,216,392,488
49,149,278,344,439
49,173,217,400,465
50,181,280,306,497
50,113,282,387,432
50,171,273,316,483
50,121,205,358,477
50,187,224,398,456
50,158,268,301,474
50,191,203,375,415
50,166,208,390,442
50,128,256,309,475
50,184,266,307,492
51,189,255,356,410
51,144,233,395,488
51,115,266,399,487
51,103,292,340,491
51,115,226,349,415
51,135,226,358,449
51,143,212,312,440
51,196,219,315,462
51,171,288,366,470
51,165,204,343,403
52,150,245,346,486
52,129,231,325,466
52,150,283,351,420
52,167,286,309,406
52,179,241,397,478
52,115,230,342,418
52,117,255,340,428
52,148,298,324,429
52,162,215,348,408
52,106,246,314,456
53,180,274,368,497
53,101,266,311,486
53,199,228,320,480
53,184,220,389,455
53,115,275,396,424
53,130,262,316,433
53,195,212,359,468
53,186,276,320,480
53,181,221,306,406
53,126,251,309,485
54,176,205,394,490
54,155,293,338,469
54,185,292,317,456
54,112,250,317,438
54,186,257,376,428
54,140,264,377,477
54,121,234,334,445
54,144,204,381,421
54,141,249,391,447
54,193,245,361,431
55,149,265,310,460
55,121,201,380,495
55,150,203,349,468
55,151,201,362,461
55,109,241,335,435
55,135,251,394,452
55,163,268,301,452
55,159,248,322,459
55,171,244,314,493
55,143,248,329,490
56,153,284,325,419
56,196,239,308,471
56,148,232,312,418
56,105,221,382,442
56,171,218,384,477
56,119,218,342,402
56,192,297,393,459
56,112,296,308,440
56,164,292,333,444
56,198,232,375,411
57,169,275,321,459
57,179,294,367,416
57,103,250,353,499
57,104,284,359,472
57,168,264,322,484
57,177,295,355,482
57,163,300,304,449
57,119,226,342,419
57,105,263,343,494
57,152,270,392,455
58,159,240,361,425
58,104,214,323,467
58,181,210,317,468
58,196,294,317,423
58,144,248,303,406
58,132,220,397,418
58,186,230,356,404
58,126,222,369,422
58,102,219,350,477
58,122,216,347,426
59,157,266,382,473
59,171,240,302,497
59,163,219,374,418
59,199,225,325,449
59,176,277,345,427
59,108,229,302,454
59,178,239,348,490
59,158,285,386,429
59,119,294,348,487
59,140,213,354,470
60,123,255,306,438
60,130,247,374,498
60,181,242,370,470
60,106,211,320,483
60,136,263,358,484
60,107,227,378,425
60,180,222,360,491
60,114,249,314,450
60,161,286,391,415
60,186,208,397,480
61,194,248,336,453
61,174,215,385,485
61,178,272,366,444
61,160,212,372,478
61,122,215,361,436
61,175,269,382,488
61,180,267,368,489
61,118,287,328,475
61,131,210,313,447
61,128,251,326,403
62,178,210,357,463
62,112,235,390,450
62,190,277,345,413
62,104,230,380,491
62,190,209,377,416
62,158,289,394,466
62,157,264,378,478
62,144,270,390,443
62,156,290,395,453
62,155,289,399,431
63,176,209,334,408
63,200,236,309,408
63,174,245,373,494
63,171,271,354,446
63,173,219,325,401
63,148,287,398,469
63,154,214,370,410
63,182,211,348,483
63,130,252,398,473
63,145,234,311,485
64,164,262,375,442
64,125,209,327,442
64,117,256,309,491
64,180,207,353,439
64,122,205,305,456
64,198,219,392,426
64,177,278,332,495
64,148,266,345,453
64,110,221,333,409
64,188,282,391,407
65,169,226,330,411
65,138,226,325,452
65,154,291,371,471
65,158,284,324,498
65,159,264,330,402
65,116,244,318,405
65,126,279,396,416
65,170,271,323,451
65,168,263,359,493
65,152,202,347,496
66,184,246,339,493
66,189,278,379,413
66,189,269,324,409
66,155,265,396,474
66,183,262,348,493
66,158,243,342,448
66,128,268,355,453
66,168,256,343,496
66,151,211,312,493
66,184,219,317,423
67,156,297,334,425
67,197,273,377,432
67,127,258,383,445
67,121,252,367,465
67,114,274,361,441
67,108,239,322,454
67,128,201,355,468
67,112,283,338,402
67,160,281,337,428
67,179,235,346,444
68,176,258,383,489
68,101,208,365,468
68,147,231,387,476
68,110,233,399,440
68,134,213,306,455
68,117,242,383,480
68,111,252,379,410
68,108,295,363,473
68,140,291,383,449
68,129,233,334,451
69,185,248,359,493
69,163,287,392,464
69,116,224,335,432
69,107,291,327,494
69,127,226,371,455
69,161,259,340,427
69,127,288,374,458
69,162,255,329,458
69,122,215,393,482
69,164,267,325,404
70,130,262,358,411
70,135,253,334,476
70,123,281,315,445
70,133,300,305,434
70,166,257,368,496
70,113,262,389,499
70,195,208,367,418
70,146,212,346,481
70,197,247,367,458
70,103,235,321,451
71,105,278,311,449
71,111,212,393,450
71,142,237,399,404
71,137,296,397,445
71,170,282,345,438
71,154,289,311,478
71,124,272,387,486
71,172,257,329,457
71,140,230,332,403
71,199,284,393,479
72,139,241,308,497
72,101,253,400,470
72,126,268,383,405
72,124,286,365,425
72,156,297,343,484
72,166,237,371,481
72,138,260,315,495
72,148,240,304,471
72,179,251,322,464
72,152,218,339,470
73,158,286,392,414
73,190,223,337,465
73,170,292,324,414
73,182,247,321,435
73,197,205,361,435
73,179,283,357,480
73,149,259,312,494
73,199,269,334,405
73,129,250,341,461
73,122,247,397,493
74,109,206,392,432
74,183,257,383,419
74,197,261,335,417
74,136,218,391,410
74,162,276,307,409
74,117,270,394,448
74,194,235,341,401
74,187,285,389,452
74,125,287,303,412
74,158,251,301,440
75,166,299,326,472
75,103,280,388,483
75,165,232,331,445
75,166,204,330,470
75,192,287,363,481
75,124,261,362,461
75,111,203,395,462
75,152,243,382,463
75,176,247,347,416
75,174,225,344,407
76,141,252,318,417
76,107,295,393,450
76,173,221,387,488
76,115,248,340,479
76,101,225,337,498
76,107,269,310,463
76,122,225,321,434
76,105,268,322,460
76,157,207,360,488
76,154,276,400,427
77,128,233,322,440
77,106,277,317,436
77,175,287,345,479
77,137,292,368,415
77,193,288,316,496
77,193,284,365,433
77,128,240,370,475
77,190,270,303,436
77,198,271,369,412
77,108,208,388,428
78,113,270,368,431
78,146,296,385,489
78,199,208,302,459
78,102,293,333,404
78,191,295,362,481
78,155,278,359,401
78,179,260,344,452
78,185,226,319,494
78,175,286,341,401
78,159,274,365,475
79,125,263,379,413
79,103,219,328,421
79,123,290,339,407
79,120,215,304,460
79,170,291,395,487
79,120,202,384,431
79,116,272,335,468
79,186,271,336,454
79,200,236,378,417
79,109,213,353,414
80,168,271,306,432
80,155,235,369,499
80,148,212,376,472
80,162,206,359,406
80,195,298,350,404
80,106,299,368,430
80,135,215,338,478
80,170,201,336,467
80,143,286,374,489
80,109,251,310,434
81,148,269,319,420
81,196,296,316,453
81,127,216,347,405
81,151,265,359,406
81,126,264,380,436
81,200,238,330,451
81,123,235,318,422
81,192,256,352,467
81,145,275,332,457
81,191,253,347,406
82,108,289,371,460
82,135,229,315,467
82,160,218,331,434
82,110,237,328,452
82,113,256,357,439
82,166,211,302,415
82,168,222,360,463
82,195,296,397,498
82,194,245,354,466
82,160,220,309,468
83,143,220,394,417
83,137,232,339,476
83,162,290,310,465
83,107,260,323,463
83,170,299,325,421
83,109,206,395,419
83,140,258,326,445
83,135,269,344,442
83,173,213,341,420
83,186,247,318,428
84,120,217,379,430
84,161,300,342,404
84,175,243,376,461
84,187,219,346,414
84,153,280,396,468
84,178,292,303,480
84,153,278,373,492
84,199,282,379,462
84,168,234,362,407
84,130,241,332,404
85,130,264,343,434
85,172,272,313,482
85,137,279,387,422
85,176,232,340,405
85,111,253,343,441
85,140,262,369,431
85,163,241,363,483
85,150,213,400,428
85,140,282,316,425
85,142,293,385,408
86,147,239,340,420
86,175,250,389,465
86,182,229,391,429
86,121,240,352,441
86,193,297,323,455
86,112,226,382,481
86,151,264,397,461
86,113,248,366,474
86,143,214,308,438
86,155,221,312,408
87,135,267,313,423
87,177,206,370,489
87,138,232,332,421
87,129,259,336,443
87,176,300,349,441
87,125,234,335,499
87,129,206,348,424
87,157,270,362,469
87,192,290,312,465
87,147,227,350,475
88,164,241,388,414
88,172,213,387,490
88,186,249,374,448
88,142,278,400,427
88,200,209,351,422
88,171,243,348,437
88,166,224,342,473
88,174,206,330,483
88,103,234,364,451
88,102,290,316,407
89,131,296,356,492
89,166,245,388,457
89,138,267,386,499
89,174,231,382,469
89,108,265,371,500
89,106,295,387,469
89,184,272,335,437
89,119,223,317,487
89,141,251,347,454
89,105,201,373,475
90,172,283,351,450
90,109,227,389,479
90,103,247,339,444
90,195,202,380,429
90,167,268,355,490
90,178,293,327,487
90,106,257,319,444
90,131,259,365,461
90,126,277,384,494
90,152,292,392,456
91,145,286,308,414
91,138,231,330,475
91,139,246,311,446
91,136,270,373,402
91,177,207,311,475
91,118,276,352,435
91,115,233,395,489
91,169,213,396,415
91,160,290,337,477
91,101,237,388,424
92,105,231,344,457
92,119,214,375,444
92,110,220,307,413
92,140,246,335,481
92,194,277,336,467
92,198,261,309,407
92,101,260,346,421
92,188,260,324,421
92,183,244,349,414
92,142,263,372,465
93,144,256,324,486
93,184,239,391,434
93,177,260,385,425
93,146,252,326,401
93,184,246,374,403
93,104,237,354,402
93,134,228,362,411
93,176,222,380,492
93,200,205,358,423
93,167,281,349,418
94,145,299,378,500
94,156,297,388,449
94,192,229,380,467
94,137,213,345,446
94,137,246,339,472
94,144,201,331,436
94,150,234,389,438
94,162,250,354,499
94,191,293,380,434
94,107,214,341,436
95,178,216,381,485
95,175,230,319,488
95,118,232,332,402
95,191,241,357,432
95,132,216,336,459
95,133,223,394,430
95,157,297,307,467
95,199,247,327,414
95,181,258,349,462
95,200,275,370,417
96,185,214,362,478
96,153,253,328,475
96,104,266,348,430
96,151,237,339,441
96,116,254,331,401
96,113,229,319,476
96,173,261,382,472
96,167,212,320,420
96,156,280,377,411
96,177,272,356,482
97,173,262,305,489
97,164,295,305,417
97,141,258,385,416
97,178,267,304,420
97,136,211,329,444
97,167,292,377,447
97,118,240,364,402
97,107,283,362,419
97,159,222,333,461
97,116,221,314,460
98,157,268,308,491
98,177,276,352,427
98,153,265,347,433
98,113,271,336,429
98,124,275,323,405
98,136,236,377,431
98,146,228,327,483
98,165,225,392,412
98,139,211,311,479
98,169,220,365,435
99,151,289,379,469
99,193,267,400,414
99,154,257,348,453
99,115,236,372,476
99,181,205,354,476
99,196,227,376,425
99,132,205,357,464
99,138,255,338,446
99,124,229,350,452
99,142,258,315,459
100,187,220,313,442
100,159,295,369,463
100,145,232,335,480
100,180,257,384,439
100,125,288,322,461
100,191,206,306,424
100,156,201,388,465
100,121,275,381,435
100,118,272,364,469
100,135,230,384,477
